Manufacturer Part Number,Manufacturer,Qty display (per board),Qty gauges (per board),Description,Status
(no part - PCB footprint only),-,2,0,3-pad OPEN solder jumper (KiCad SolderJumper-3_P1.3mm_Open_RoundedPad1.0x1.5mm); bridged with a solder blob after verifying the panel's +/-6.5V pin polarity - see JP1/JP2 in build_schematic.py,ok
0297002,Littelfuse,0,1,2A MINI blade fuse element (main 12V input) - same real element ecu-pcb's own BOM already cites,ok
1058,Keystone Electronics,1,0,"20mm coin cell (2032) holder, real unambiguous Keystone part number - same real numbering convention as this family's own Keystone 3568 fuse holder, identified from the real footprint name rather than an independent datasheet citation in build_schematic.py's own comments",ok
22-27-2021,Molex,0,1,"2-circuit KK 254 (2.54mm) vertical header, Hall speed sender input (signal + ground); the sender is powered from the car harness, not from this board",ok
22-27-2031,Molex,1,1,"3-circuit KK 254 (2.54mm) vertical header, board side of the CAN tap (CANH / CANL / GND), 4A / 250V per contact - same KK 254 family gauges/'s J7 uses. This is the display<->gauges<->ECU CAN link. Harness end: sealed Deutsch DTM06-3S (TE) pigtail",ok
22-27-2051,Molex,0,1,"5-position KK 254 (2.54mm) header, board side of the CAN0+sender pigtail",ok
2309409-2 socket + Verdin iMX95 Hexa 8GB WB IT (Toradex PN 0089),TE Connectivity + Toradex,1,0,"TWO purchases on this one line: the 260-position DDR4 SODIMM socket (TE 2309409-2, 5.2mm stack - the socket Toradex recommends in datasheet section 6.5.1, matching this board's SODIMM-260_DDR4_H4.0-5.2 footprint) and the SoM that plugs into it (docs.toradex.com/200007-verdin_imx95_datasheet.pdf). Toradex product no. 0089 per developer.toradex.com (checked 2026-09-30): V1.0A is end-of-life, V1.0B moved to B0 silicon, V1.1A fixed errata HAR-12581, and V1.1B (Q3 2026) moved to mass-production SoC and PMIC - order the latest revision. Also listed on Mouser",ok
3568,Keystone,0,1,"Mini blade fuse holder, PCB mount (fuse element ordered separately)",ok
ABM8AIG-8.000MHZ-12-2Z-T3,Abracon,0,1,"8 MHz 12 pF crystal 3.2 x 2.5 mm, +/-20 ppm, AEC-Q200 [PATTERN: confirm this exact part number in the distributor cart]",PATTERN: confirm in cart
AC0603FR-07100KL,Yageo,10,0,"Resistor 100k 1% 0603 thick film, AEC-Q200 [PATTERN: confirm this exact part number in the distributor cart]",PATTERN: confirm in cart
AC0603FR-07100RL,Yageo,1,2,"Resistor 100R 1% 0603 thick film, AEC-Q200 [PATTERN: confirm this exact part number in the distributor cart]",PATTERN: confirm in cart
AC0603FR-0710KL,Yageo,8,5,"Resistor 10k 1% 0603 thick film, AEC-Q200 [PATTERN: confirm this exact part number in the distributor cart]",PATTERN: confirm in cart
AC0603FR-0711K5L,Yageo,1,0,"Resistor 11k5 1% 0603 thick film, AEC-Q200 [PATTERN: confirm this exact part number in the distributor cart]",PATTERN: confirm in cart
AC0603FR-07120RL,Yageo,0,4,"Resistor 120R 1% 0603 thick film, AEC-Q200 [PATTERN: confirm this exact part number in the distributor cart]",PATTERN: confirm in cart
AC0603FR-07124KL,Yageo,1,0,"Resistor 124k 1% 0603 thick film, AEC-Q200 [PATTERN: confirm this exact part number in the distributor cart]",PATTERN: confirm in cart
AC0603FR-07130KL,Yageo,1,0,"Resistor 130k 1% 0603 thick film, AEC-Q200 [PATTERN: confirm this exact part number in the distributor cart]",PATTERN: confirm in cart
AC0603FR-0715KL,Yageo,0,1,"Resistor 15k 1% 0603 thick film, AEC-Q200 [PATTERN: confirm this exact part number in the distributor cart]",PATTERN: confirm in cart
AC0603FR-071R1L,Yageo,1,0,"Resistor 1R1 1% 0603 thick film, AEC-Q200 [PATTERN: confirm this exact part number in the distributor cart]",PATTERN: confirm in cart
AC0603FR-0724K9L,Yageo,2,0,"Resistor 24k9 1% 0603 thick film, AEC-Q200 [PATTERN: confirm this exact part number in the distributor cart]",PATTERN: confirm in cart
AC0603FR-0727KL,Yageo,0,1,"Resistor 27k 1% 0603 thick film, AEC-Q200 [PATTERN: confirm this exact part number in the distributor cart]",PATTERN: confirm in cart
AC0603FR-072K05L,Yageo,1,0,"Resistor 2k05 1% 0603 thick film, AEC-Q200 [PATTERN: confirm this exact part number in the distributor cart]",PATTERN: confirm in cart
AC0603FR-072K49L,Yageo,0,1,"Resistor 2k49 1% 0603 thick film, AEC-Q200 [PATTERN: confirm this exact part number in the distributor cart]",PATTERN: confirm in cart
AC0603FR-0733KL,Yageo,1,1,"Resistor 33k 1% 0603 thick film, AEC-Q200 [PATTERN: confirm this exact part number in the distributor cart]",PATTERN: confirm in cart
AC0603FR-0747KL,Yageo,1,0,"Resistor 47k 1% 0603 thick film, AEC-Q200 [PATTERN: confirm this exact part number in the distributor cart]",PATTERN: confirm in cart
AC0603FR-0747RL,Yageo,0,2,"Resistor 47R 1% 0603 thick film, AEC-Q200 [PATTERN: confirm this exact part number in the distributor cart]",PATTERN: confirm in cart
AC0603FR-0749K9L,Yageo,0,1,"Resistor 49k9 1% 0603 thick film, AEC-Q200 [PATTERN: confirm this exact part number in the distributor cart]",PATTERN: confirm in cart
AC0603FR-0749R9L,Yageo,1,0,"Resistor 49R9 1% 0603 thick film, AEC-Q200 [PATTERN: confirm this exact part number in the distributor cart]",PATTERN: confirm in cart
AC0603FR-074K7L,Yageo,0,1,"Resistor 4k7 1% 0603 thick film, AEC-Q200 [PATTERN: confirm this exact part number in the distributor cart]",PATTERN: confirm in cart
AC0603FR-07536KL,Yageo,1,0,"Resistor 536k 1% 0603 thick film, AEC-Q200 [PATTERN: confirm this exact part number in the distributor cart]",PATTERN: confirm in cart
AC0603FR-07562KL,Yageo,1,0,"Resistor 562k 1% 0603 thick film, AEC-Q200 [PATTERN: confirm this exact part number in the distributor cart]",PATTERN: confirm in cart
AC0603FR-0756KL,Yageo,1,1,"Resistor 56k 1% 0603 thick film, AEC-Q200 [PATTERN: confirm this exact part number in the distributor cart]",PATTERN: confirm in cart
AC0603FR-0760K4L,Yageo,1,0,"Resistor 60k4 1% 0603 thick film, AEC-Q200 [PATTERN: confirm this exact part number in the distributor cart]",PATTERN: confirm in cart
AC0603FR-0760RL,Yageo,2,4,"Resistor 60R 1% 0603 thick film, AEC-Q200 [PATTERN: confirm this exact part number in the distributor cart]",PATTERN: confirm in cart
AC0603FR-076K04L,Yageo,1,0,"Resistor 6k04 1% 0603 thick film, AEC-Q200 [PATTERN: confirm this exact part number in the distributor cart]",PATTERN: confirm in cart
AC0603JR-070RL,Yageo,1,0,"0 ohm jumper 0603, AEC-Q200 [PATTERN: confirm this exact part number in the distributor cart]",PATTERN: confirm in cart
BAV99-Q (confirm reel suffix at order time),Nexperia,1,2,"Dual series high-speed switching diode, SOT-23, clamps the ignition-wake gate node to GND and +5V (pin 3 signal, pin 1 GND, pin 2 +5V; datasheet Rev. 8)",ok
BLM18PG221SH1D,Murata,0,1,"220 ohm @100 MHz ferrite bead, 1.4 A, AEC-Q200",ok
DTM06-3S,TE Connectivity (Deutsch DTM series),0,1,"3-position sealed harness pigtail connector, 12V input + GND + ignition - mates with J1's own board-side terminal block (rev B: was 2-position before the ignition wire was added)",ok
DTM06-5S,TE Connectivity (Deutsch DTM series),0,1,5-position sealed harness pigtail connector: CAN0_H/L + 3x sender input - mates with J7's own board-side header,ok
EEH-ZA1V101P,Panasonic,1,0,"Capacitor, 100 uF 35 V hybrid polymer, 8 x 10.2 mm, AEC-Q200",ok
F32Q-1A7H1-11018,Amphenol FCI,0,4,"18-position 0.5mm FPC connector, right-angle ZIF, bottom contact, one per GC9A01 module [PATTERN: confirm this exact part number in the distributor cart]",PATTERN: confirm in cart
FH26-39S-0.3SHW(99),Hirose,1,0,"39-position 0.3mm-pitch FPC connector for the TST040HDBC-42's 39-pin FPC. The panel datasheet does NOT name a connector: 0.3mm pitch is inferred from the FPC's 12mm width across 39 pins, and FH26 is bottom-contact - specify the FPC's exposed-pad side when ordering from TSD. Hirose lists the (05) variant obsolete and FH26W-39S-0.3SHW(60) as current: confirm its land pattern against the bundled FH26 footprint before ordering",ok
GCJ31CC71H475KA01L,Murata,3,0,"Capacitor, 4.7 uF X7R 50 V, AEC-Q200",ok
GCM1885C1H120JA16D,Murata,1,0,"Capacitor, 12 pF C0G 50 V, AEC-Q200",ok
GCM1885C1H150JA16D,Murata,1,0,"Capacitor, 15 pF C0G 50 V, AEC-Q200 [PATTERN: confirm this exact part number in the distributor cart]",PATTERN: confirm in cart
GCM1885C1H180JA16D,Murata,0,2,"Capacitor, 18 pF C0G 50 V, AEC-Q200",ok
GCM1885C1H220JA16D,Murata,1,0,"Capacitor, 22 pF C0G 50 V (Murata marks it NRND; still orderable, swap if unavailable), AEC-Q200",ok
GCM188R71C105KA64D,Murata,1,3,"Capacitor, 1 uF X7R 16 V, AEC-Q200",ok
GCM188R71H102KA37D,Murata,0,1,"Capacitor, 1 nF X7R 50 V, AEC-Q200",ok
GCM188R71H103KA37D,Murata,2,1,"Capacitor, 10 nF X7R 50 V, AEC-Q200",ok
GCM188R71H104KA57D,Murata,10,17,"Capacitor, 100 nF X7R 50 V, AEC-Q200",ok
GCM188R71H224KA64D,Murata,2,1,"Capacitor, 220 nF X7R 50 V, AEC-Q200",ok
GCM188R71H472KA37D,Murata,2,2,"Capacitor, 4.7 nF X7R 50 V, AEC-Q200",ok
GCM21BR71A106KE22L,Murata,3,0,"Capacitor, 10 uF X7R 10 V, AEC-Q200",ok
GCM21BR71C475KA73L,Murata,2,0,"Capacitor, 4.7 uF X7R 16 V, AEC-Q200",ok
GCM31CR71A226KE02L,Murata,5,2,"Capacitor, 22 uF X7R 10 V, AEC-Q200",ok
GCM32EC71H106KA03L,Murata,0,1,"Capacitor, 10 uF X7S 50 V, AEC-Q200",ok
KRL3216E-C-R002-G-T5,Susumu,1,0,"2 mohm 2% 1206 current sense, AEC-Q200",ok
LM61460AASQRJRRQ1,TI,1,0,"Automotive 3-36V 6A low-EMI synchronous buck, main +5V rail, VQFN-HR-14 RJR (datasheet SNVSB70F). LM61460 is a FAMILY of three adjustable variants: AAS (auto light-load mode + spread spectrum, chosen), AAN (auto, no spread spectrum), AFS (forced-PWM + spread spectrum). AAS was picked for EMI; use AFS if PFM ripple at light load is a problem. Not yet bench-verified",ok
LM74700QDBVRQ1,TI,0,1,Ideal-diode controller (reverse-battery protection),ok
LM74930QRGERQ1,TI,1,0,"Automotive ideal-diode surge stopper w/ circuit breaker + OV clamp, VQFN-24 RGE (datasheet SNOSDF6); TI lists it Active/Production",ok
LMR33630BRNXRQ1,TI,0,1,"3A synchronous buck regulator, +5V rail",ok
MF-RG500,Bourns,1,0,"PTC resettable fuse, 5.0A hold / 8.5A trip / 16V max, AEC-Q200 - real part matching the circuit's own target rating, not the 3.0A-hold MF-RG300 this board's footprint previously (wrongly) cited",ok
"MKDS 1,5/ 3-5,08 (1715734)",Phoenix Contact,1,1,"3-position 5.08mm pluggable-style screw terminal block, board side of the car harness power input (VBAT / GND / IGN); 17.5A / 400V nominal - same MKDS 5.08 family gauges/'s J1 uses. Harness end: sealed Deutsch DTM06-3S (TE) pigtail, as on gauges/",ok
PMEG6010ELRX,Nexperia,3,0,"Boost rectifier Schottky, 60V/1A, SOD-123W",ok
PMV37ENEA,Nexperia,0,2,"N-MOSFET, 12V-rail reverse-protection gate switch / shared backlight low-side switch",ok
PMV55ENEAR,Nexperia,3,0,"60V N-ch MOSFET, VGS +-20V, 3.1A, SOT-23 - back-to-back ideal-diode/pass FET pair (orderable suffix R = reel; 12NC 934068714215)",ok
RFA401280B-AYW-DNF1,Raystar Optronics,0,4,"1.28in 240x240 round GC9A01 TFT module, SPI, with PCAP touch (touch unused), 18-pin 0.5mm FPC tail, active area 32.4mm. ORDER DIRECT FROM RAYSTAR (salescontact@raystar-optronics.com): the product page lists no price or stock. Ask for the FPC contact fingers on the side that suits the bottom-contact Amphenol connector",ok
S32K144 (LQFP-64),NXP,0,1,"32-bit Arm Cortex-M4F automotive MCU, real pin-mux verified against NXP's own S32K1xx Reference Manual - exact memory-size/temp-grade order suffix not yet pinned, see file header",ok
SMCJ33A (multi-source),Littelfuse / onsemi / Vishay (industry-standard P/N),1,1,"SMC-package TVS diode, 33V standoff, 12V-rail transient protection - not pinned to one vendor, real industry-standard part number, same real part gauges/'s own D1 already uses",ok
TC2030-IDC-NL,Tag-Connect,0,1,"SWD programming/debug connector, 2x3 1.27mm, no-legs cable version",ok
TCAN1044VDRQ1,TI,1,1,"Automotive CAN FD transceiver w/ 1.8V I/O support (V variant is load-bearing - see parts.py), SOIC-8 D (datasheet SLLSF17D)",ok
TJA1043T/1J,NXP,0,1,"High-speed CAN transceiver with wake, real wiring reused verbatim from ecu-pcb",ok
TLV73333PQDBVRQ1,TI,0,1,"300mA LDO, +3.3V rail",ok
TLV76701QWDRBRQ1,TI,1,0,"Automotive 16V/1A adjustable LDO, +1V8 Verdin I/O rail, VSON-8 DRB with wettable flanks (datasheet SBVS381A); 01 = adjustable, QW = wettable-flank automotive",ok
TPS61165TDBVRQ1,TI,1,0,"Automotive boost white-LED driver, panel backlight 15V/180mA from +5V with PWM dimming, SOT-23-6 DBV (datasheet SLVSB73B); TI lists the family Active. Orderable suffix taken from a TI E2E thread and a datasheet listing - confirm on TI's store",ok
TPS65131TRGERQ1,TI,1,0,"Automotive dual-output boost + inverting LCD bias supply, panel +6.5V/-6.5V analog rails from +5V, VQFN-24 RGE with wettable flanks (datasheet SLVSBB2F); TI lists it Active",ok
TSW-104-07-G-S,Samtec,1,0,"1x4 0.100in gold-finish pin header, power/recovery/reset buttons - bench and service use only, not part of the vehicle harness",ok
TSW-108-07-G-S,Samtec,1,0,"1x8 0.100in gold-finish pin header, JTAG/debug - bench and service use only, not part of the vehicle harness",ok
Team Source Display TST040HDBC-42,Team Source Display (TSD),1,0,"4.0in 720x720 round IPS, native MIPI-DSI (3 lanes), ICNL9707 driver built into the module, 800 cd/m2, -30..+80C, 101.52mm active circle - datasheet V1.0 (2023-06-29) read in full; connects via J4 above, not its own BOM line. Datasheet table and drawing DISAGREE on which FPC pins carry +6.5V vs -6.5V - resolve with TSD before bridging JP1/JP2. Order the FPC with the exposed-pad side matching J4's bottom-contact. ORDER FROM TSD (not a stocked distributor part): request the FPC with contact fingers matching J4 (Hirose FH26 is bottom-contact) and ask the questions in docs/rfq-drafts.md first",ok
XAL4030-472MEC,Coilcraft,2,0,"4.7uH shielded molded power inductor, Isat 4.6A, DCR 40mR typ, 4x4x3mm (datasheet Document 806-1; trailing C = 7in reel ordering code)",ok
XAL4040-103MEC,Coilcraft,1,0,"10uH shielded molded power inductor, Isat 3.0A, DCR 84mR typ, 4x4x4mm (datasheet Document 806-1; trailing C = 7in reel ordering code)",ok
XAL5050-103MEC,Coilcraft,0,1,"10uH shielded molded power inductor, Isat 4.9A, DCR 41mR typ, 5x5x5mm, AEC-Q200 - meets the LMR33630-Q1 datasheet's rule that Isat not be below the 4.1A low-side limit (datasheet Document 806-1 family; trailing C = 7in reel ordering code)",ok
XEL5030-102MEC,Coilcraft,1,0,"1uH shielded molded power inductor for the LM61460-Q1 5V buck at 2.1MHz: Isat 16.9A vs the 11.5A max high-side current limit, DCR 7mR typ, 5.5x5.3x3.1mm, AEC-Q200; the part the LM61460-Q1 datasheet's Table 10-5 used for 5V/2.1MHz (Coilcraft Document 1412-2; trailing C = 7in reel ordering code)",ok
