Designator,Mid X,Mid Y,Layer,Rotation
C1,168.3000mm,-195.3200mm,Top,0.000000
C2,168.3000mm,-200.0700mm,Top,0.000000
C3,161.6200mm,-199.8500mm,Top,0.000000
C4,214.5900mm,-194.4500mm,Top,0.000000
C5,219.5500mm,-194.4500mm,Top,0.000000
C6,224.5100mm,-194.4500mm,Top,0.000000
C7,229.4700mm,-194.4500mm,Top,0.000000
C8,234.4300mm,-194.4500mm,Top,0.000000
C10,150.4700mm,-199.9900mm,Top,0.000000
C11,155.4300mm,-199.9900mm,Top,0.000000
C12,135.6900mm,-202.4300mm,Top,0.000000
C13,411.0200mm,-194.4500mm,Top,0.000000
C14,415.9800mm,-194.4500mm,Top,0.000000
C15,420.9400mm,-194.4500mm,Top,0.000000
C16,425.9000mm,-194.4500mm,Top,0.000000
C17,99.5900mm,-213.8500mm,Top,0.000000
C18,198.0400mm,-213.8500mm,Top,0.000000
C19,394.9300mm,-213.8500mm,Top,0.000000
C20,485.9400mm,-213.8500mm,Top,0.000000
C28,491.2500mm,-194.4500mm,Top,0.000000
C29,496.2100mm,-194.4500mm,Top,0.000000
C30,501.1700mm,-194.4500mm,Top,0.000000
C31,500.8200mm,-213.8500mm,Top,0.000000
C40,344.3700mm,-194.4500mm,Top,0.000000
C41,349.3300mm,-194.4500mm,Top,0.000000
C42,354.2900mm,-194.4500mm,Top,0.000000
C43,294.6100mm,-194.4500mm,Top,0.000000
C44,309.4900mm,-194.4500mm,Top,0.000000
C45,144.6900mm,-200.4100mm,Top,0.000000
C46,160.3900mm,-203.3100mm,Top,0.000000
D1,127.1600mm,-197.0700mm,Top,0.000000
D10,268.4600mm,-195.4200mm,Top,0.000000
D11,274.3200mm,-195.4200mm,Top,0.000000
L1,137.3000mm,-196.7100mm,Top,90.000000
L2,239.3900mm,-194.4500mm,Top,0.000000
Q1,162.0700mm,-195.4200mm,Top,0.000000
Q2,451.1300mm,-195.4200mm,Top,0.000000
R1,244.3500mm,-194.4500mm,Top,0.000000
R2,123.5900mm,-203.1500mm,Top,0.000000
R3,128.5500mm,-203.1500mm,Top,0.000000
R4,430.8600mm,-194.4500mm,Top,0.000000
R5,435.8200mm,-194.4500mm,Top,0.000000
R6,94.6300mm,-213.8500mm,Top,0.000000
R7,193.0800mm,-213.8500mm,Top,0.000000
R8,389.9700mm,-213.8500mm,Top,0.000000
R9,480.9800mm,-213.8500mm,Top,0.000000
R10,456.5400mm,-194.4500mm,Top,0.000000
R11,461.5000mm,-194.4500mm,Top,0.000000
R16,476.3700mm,-194.4500mm,Top,0.000000
R17,481.3300mm,-194.4500mm,Top,0.000000
R18,486.2900mm,-194.4500mm,Top,0.000000
R19,490.9000mm,-213.8500mm,Top,0.000000
R20,495.8600mm,-213.8500mm,Top,0.000000
R40,359.2500mm,-194.4500mm,Top,0.000000
R41,364.2100mm,-194.4500mm,Top,0.000000
R42,369.1700mm,-194.4500mm,Top,0.000000
R43,279.7300mm,-194.4500mm,Top,0.000000
R44,284.6900mm,-194.4500mm,Top,0.000000
R45,289.6500mm,-194.4500mm,Top,0.000000
R46,299.5700mm,-194.4500mm,Top,0.000000
R47,304.5300mm,-194.4500mm,Top,0.000000
U1,189.2100mm,-200.4200mm,Top,0.000000
U3,149.9900mm,-195.5600mm,Top,0.000000
U4,156.0900mm,-195.5600mm,Top,0.000000
U5,402.9600mm,-197.4200mm,Top,90.000000
U6,97.1100mm,-222.5300mm,Top,0.000000
U7,195.5600mm,-222.5300mm,Top,0.000000
U8,392.4500mm,-222.5300mm,Top,0.000000
U9,490.9000mm,-222.5300mm,Top,0.000000
U10,337.1900mm,-196.5200mm,Top,0.000000
Y1,209.0100mm,-195.4700mm,Top,0.000000
